{"cameraMode":{"drawMode":0,"name":"Shaded","section":"Shading Mode"},"sceneLighting":true,"audioPlay":false,"sceneViewState":{"m_AlwaysRefresh":false,"showFog":true,"showSkybox":true,"showFlares":true,"showImageEffects":true,"showParticleSystems":true,"showVisualEffectGraphs":true,"m_FxEnabled":true},"in2DMode":false,"pivot":{"x":25.98741912841797,"y":46.234004974365237,"z":-115.90201568603516},"rotation":{"x":-0.0010176622308790684,"y":0.9991248846054077,"z":0.034788258373737338,"w":0.027495071291923524},"size":111.25310516357422,"orthographic":true}